{
  "images": {
    "/miivii_gmsl_camera_node/miivii_gmsl/image6": {
      "camera_matrix": [
        [
          513.6226252780987,
          0.0,
          962.1269723971975
        ],
        [
          0.0,
          515.1928125513491,
          538.3544156750613
        ],
        [
          0.0,
          0.0,
          1.0
        ]
      ],
      "dist_coeffs": [
        0.13134786316096395,
        -0.03243869741453076,
        -0.0021363613455887623,
        0.0008947277264096851
      ],
      "resolution": [
        1920,
        1080
      ],
      "scale_xy": [
        1.0,
        1.0
      ],
      "shift_xy": [
        0.0,
        0.0
      ],
      "base2camera": [
        [
          -0.09481357856462486,
          0.9954902936175278,
          -0.0030758142106063757,
          -0.011915673292323181
        ],
        [
          -0.1168327661889959,
          -0.014195789235580125,
          -0.9930501418924458,
          0.4111489659031906
        ],
        [
          -0.9886154409396999,
          -0.09379528176442281,
          0.11765183829560627,
          -0.441955098120393
        ],
        [
          0.0,
          0.0,
          0.0,
          1.0
        ]
      ],
      "is_fisheye": true
    },
    "/miivii_gmsl_camera_node/miivii_gmsl/image7": {
      "camera_matrix": [
        [
          511.18279702360803,
          0.0,
          954.809063076687
        ],
        [
          0.0,
          509.69778264767376,
          534.0660993716651
        ],
        [
          0.0,
          0.0,
          1.0
        ]
      ],
      "dist_coeffs": [
        0.13154618080177558,
        -0.02236086694179363,
        -0.011648015466870528,
        0.0037811022312490704
      ],
      "resolution": [
        1920,
        1080
      ],
      "scale_xy": [
        1.0,
        1.0
      ],
      "shift_xy": [
        0.0,
        0.0
      ],
      "base2camera": [
        [
          -0.011704582984766121,
          -0.9989542839541289,
          -0.04419662098901472,
          0.07757420983386491
        ],
        [
          0.20173970249043627,
          0.04093160847003585,
          -0.9785835150190944,
          0.18877092603224455
        ],
        [
          0.9793692333212347,
          -0.020370125128471583,
          0.20104965263841534,
          -1.670203789846767
        ],
        [
          0.0,
          0.0,
          0.0,
          1.0
        ]
      ],
      "is_fisheye": true
    },
    "/miivii_gmsl_camera_node/miivii_gmsl/image2": {
      "camera_matrix": [
        [
          1027.7339346015926,
          0.0,
          963.0096235262253
        ],
        [
          0.0,
          1027.3046038213104,
          767.117359248442
        ],
        [
          0.0,
          0.0,
          1.0
        ]
      ],
      "dist_coeffs": [
        -0.07236090378585273,
        0.005078739571885851,
        -0.008008880232539312,
        0.0017929486489693825
      ],
      "resolution": [
        1920,
        1536
      ],
      "scale_xy": [
        1.0,
        1.0
      ],
      "shift_xy": [
        0.0,
        0.0
      ],
      "base2camera": [
        [
          0.055268274357038794,
          -0.9978632736124815,
          -0.034846879702161715,
          0.11014130567132495
        ],
        [
          -0.0024336029612337384,
          0.03476549473772167,
          -0.9993925344689485,
          1.4353379361481244
        ],
        [
          0.9984685750819713,
          0.05531950425503912,
          -0.0005069741162471164,
          -1.619347522540648
        ],
        [
          0.0,
          0.0,
          0.0,
          1.0
        ]
      ],
      "is_fisheye": true
    },
    "/miivii_gmsl_camera_node/miivii_gmsl/image5": {
      "camera_matrix": [
        [
          508.10224695760394,
          0.0,
          958.4873768516635
        ],
        [
          0.0,
          508.6774864231071,
          536.904657301919
        ],
        [
          0.0,
          0.0,
          1.0
        ]
      ],
      "dist_coeffs": [
        0.13932053591640403,
        -0.04490738155836874,
        0.005563794653335999,
        -0.0006411697793660451
      ],
      "resolution": [
        1920,
        1080
      ],
      "scale_xy": [
        1.0,
        1.0
      ],
      "shift_xy": [
        0.0,
        0.0
      ],
      "base2camera": [
        [
          0.996065558647071,
          0.07985625018103312,
          0.038423719030342376,
          -0.953728504216696
        ],
        [
          0.012580762044907899,
          0.301767395469612,
          -0.9532985699443045,
          0.2000406363998175
        ],
        [
          -0.08772187471473607,
          0.9500312722950287,
          0.29957545686858444,
          -0.6750108431166928
        ],
        [
          0.0,
          0.0,
          0.0,
          1.0
        ]
      ],
      "is_fisheye": true
    },
    "/miivii_gmsl_camera_node/miivii_gmsl/image4": {
      "camera_matrix": [
        [
          510.3231058576706,
          0.0,
          962.5818746210285
        ],
        [
          0.0,
          509.63064056366,
          539.6985520538984
        ],
        [
          0.0,
          0.0,
          1.0
        ]
      ],
      "dist_coeffs": [
        0.13940447175502457,
        -0.03965531068180209,
        -0.0012036034049738452,
        0.0013602505828299335
      ],
      "resolution": [
        1920,
        1080
      ],
      "scale_xy": [
        1.0,
        1.0
      ],
      "shift_xy": [
        0.0,
        0.0
      ],
      "base2camera": [
        [
          -0.9993941636471766,
          0.02547644417192523,
          -0.02371194762804712,
          0.9527353476854041
        ],
        [
          0.020293630453294933,
          -0.12693609764521208,
          -0.9917032800579165,
          0.31904266740712006
        ],
        [
          -0.02827497534898258,
          -0.9915836716621346,
          0.12634218559948407,
          -0.5754276703500321
        ],
        [
          0.0,
          0.0,
          0.0,
          1.0
        ]
      ],
      "is_fisheye": true
    }
  },
  "pointclouds": {
    "/rslidar_points": {
      "sensor2base": [
        [
          0.999214,
          0.0395207,
          0.0030676,
          1.3373
        ],
        [
          -0.0394911,
          0.999178,
          -0.0091739,
          0.0
        ],
        [
          -0.0034277,
          0.0090456,
          0.999953,
          1.7983
        ],
        [
          0.0,
          0.0,
          0.0,
          1.0
        ]
      ]
    },
    "/livox/lidar_lf": {
      "sensor2base": [
        [
          0.6558073670076487,
          0.671053257577615,
          0.34583830986057107,
          1.6254300475895
        ],
        [
          0.5611257404888309,
          -0.739756792613497,
          0.3713464342732715,
          0.7036022608404
        ],
        [
          0.5050292837327733,
          -0.04947301692752291,
          -0.8616828983936615,
          1.4390371983733
        ],
        [
          0.0,
          0.0,
          0.0,
          1.0
        ]
      ],
      "sensor2rslidar": {
        "tx": 0.261349,
        "ty": 0.711161,
        "tz": -0.364817,
        "qw": -0.116552,
        "qx": 0.89561,
        "qy": 0.360386,
        "qz": 0.233284
      }
    },
    "/livox/lidar_rf": {
      "sensor2base": [
        [
          0.6792516769570058,
          -0.6425638995736915,
          0.3545824417677738,
          1.636830139938
        ],
        [
          -0.587765372510065,
          -0.7656128015231375,
          -0.2614752151283519,
          -0.6896998120101
        ],
        [
          0.439487155014769,
          -0.030803797352978828,
          -0.8977203021327477,
          1.3798593789188
        ],
        [
          0.0,
          0.0,
          0.0,
          1.0
        ]
      ],